CREATE TABLE app_role (
  id UUID PRIMARY KEY,
  name VARCHAR(100) NOT NULL,
  description VARCHAR(255),
  CONSTRAINT uq_app_role_name UNIQUE (name)
);

CREATE TABLE app_permission (
  id UUID PRIMARY KEY,
  name VARCHAR(100) NOT NULL,
  description VARCHAR(255),
  CONSTRAINT uq_app_permission_name UNIQUE (name)
);

CREATE TABLE app_user (
  id UUID PRIMARY KEY,
  username VARCHAR(100) NOT NULL,
  password_hash VARCHAR(255) NOT NULL,
  email VARCHAR(255),
  enabled BOOLEAN NOT NULL DEFAULT TRUE,
  created_at TIMESTAMPTZ NOT NULL DEFAULT CURRENT_TIMESTAMP,
  updated_at TIMESTAMPTZ NOT NULL DEFAULT CURRENT_TIMESTAMP,
  CONSTRAINT uq_app_user_username UNIQUE (username)
);

CREATE TABLE user_role (
  user_id UUID NOT NULL,
  role_id UUID NOT NULL,
  PRIMARY KEY (user_id, role_id),
  CONSTRAINT fk_user_role_user FOREIGN KEY (user_id) REFERENCES app_user (id),
  CONSTRAINT fk_user_role_role FOREIGN KEY (role_id) REFERENCES app_role (id)
);

CREATE TABLE role_permission (
  role_id UUID NOT NULL,
  permission_id UUID NOT NULL,
  PRIMARY KEY (role_id, permission_id),
  CONSTRAINT fk_role_permission_role FOREIGN KEY (role_id) REFERENCES app_role (id),
  CONSTRAINT fk_role_permission_perm FOREIGN KEY (permission_id) REFERENCES app_permission (id)
);

INSERT INTO app_permission (id, name, description) VALUES
  ('00000000-0000-0000-0000-000000000001', 'USER_MANAGE', 'Manage platform users'),
  ('00000000-0000-0000-0000-000000000002', 'DATASOURCE_MANAGE', 'Manage data sources'),
  ('00000000-0000-0000-0000-000000000003', 'REPORT_DESIGN', 'Create and edit reports'),
  ('00000000-0000-0000-0000-000000000004', 'REPORT_PUBLISH', 'Publish and unpublish reports'),
  ('00000000-0000-0000-0000-000000000005', 'REPORT_EXECUTE', 'Execute published reports'),
  ('00000000-0000-0000-0000-000000000006', 'AUDIT_VIEW', 'View audit events');

INSERT INTO app_role (id, name, description) VALUES
  ('00000000-0000-0000-0001-000000000001', 'PLATFORM_ADMIN', 'Full platform access'),
  ('00000000-0000-0000-0001-000000000002', 'REPORT_DESIGNER', 'Design and publish reports'),
  ('00000000-0000-0000-0001-000000000003', 'REPORT_VIEWER', 'Execute published reports');

INSERT INTO role_permission (role_id, permission_id) VALUES
  ('00000000-0000-0000-0001-000000000001', '00000000-0000-0000-0000-000000000001'),
  ('00000000-0000-0000-0001-000000000001', '00000000-0000-0000-0000-000000000002'),
  ('00000000-0000-0000-0001-000000000001', '00000000-0000-0000-0000-000000000003'),
  ('00000000-0000-0000-0001-000000000001', '00000000-0000-0000-0000-000000000004'),
  ('00000000-0000-0000-0001-000000000001', '00000000-0000-0000-0000-000000000005'),
  ('00000000-0000-0000-0001-000000000001', '00000000-0000-0000-0000-000000000006'),
  ('00000000-0000-0000-0001-000000000002', '00000000-0000-0000-0000-000000000003'),
  ('00000000-0000-0000-0001-000000000002', '00000000-0000-0000-0000-000000000004'),
  ('00000000-0000-0000-0001-000000000002', '00000000-0000-0000-0000-000000000005'),
  ('00000000-0000-0000-0001-000000000003', '00000000-0000-0000-0000-000000000005');
